[
    {
        "Suburb": "ABBOTSBURY",
        "Run": "193",
        "Zone": "4",
        "Postcode": "2176"
    },
    {
        "Suburb": "ABBOTSFORD",
        "Run": 52,
        "Zone": 4,
        "Postcode": 2046
    },
    {
        "Suburb": "ACACIA GARDENS",
        "Run": "136",
        "Zone": "5",
        "Postcode": "2763"
    },
    {
        "Suburb": "AIRDS",
        "Run": "114",
        "Zone": "7",
        "Postcode": "2560"
    },
    {
        "Suburb": "ALEXANDRIA",
        "Run": 70,
        "Zone": 3,
        "Postcode": 2015
    },
    {
        "Suburb": "ALFORDS POINT",
        "Run": 138,
        "Zone": 7,
        "Postcode": 2234
    },
    {
        "Suburb": "ALLAMBIE HEIGHTS",
        "Run": 84,
        "Zone": 1,
        "Postcode": 2100
    },
    {
        "Suburb": "ALLAWAH",
        "Run": 156,
        "Zone": 6,
        "Postcode": 2218
    },
    {
        "Suburb": "AMBARVALE",
        "Run": 364,
        "Zone": 7,
        "Postcode": 2560
    },
    {
        "Suburb": "ANGUS",
        "Run": 86,
        "Zone": 5,
        "Postcode": 2765
    },
    {
        "Suburb": "ANNANDALE",
        "Run": 51,
        "Zone": 2,
        "Postcode": 2038
    },
    {
        "Suburb": "ARNCLIFFE",
        "Run": 347,
        "Zone": 6,
        "Postcode": 2205
    },
    {
        "Suburb": "ARNDELL PARK",
        "Run": 4,
        "Zone": 7,
        "Postcode": 2148
    },
    {
        "Suburb": "ARTARMON",
        "Run": 79,
        "Zone": 1,
        "Postcode": 2064
    },
    {
        "Suburb": "ASHBURY",
        "Run": 132,
        "Zone": 4,
        "Postcode": 2193
    },
    {
        "Suburb": "ASHCROFT",
        "Run": 377,
        "Zone": 4,
        "Postcode": 2168
    },
    {
        "Suburb": "ASHFIELD",
        "Run": 132,
        "Zone": 4,
        "Postcode": 2131
    },
    {
        "Suburb": "ASQUITH",
        "Run": 190,
        "Zone": 2,
        "Postcode": 2077
    },
    {
        "Suburb": "AUBURN",
        "Run": 20,
        "Zone": 6,
        "Postcode": 2144
    },
    {
        "Suburb": "AUSTRAL",
        "Run": 301,
        "Zone": 7,
        "Postcode": 2179
    },
    {
        "Suburb": "AVALON",
        "Run": 73,
        "Zone": 1,
        "Postcode": 2107
    },
    {
        "Suburb": "BALGOWLAH",
        "Run": "175",
        "Zone": "1",
        "Postcode": "2093"
    },
    {
        "Suburb": "BALGOWLAH HEIGHTS",
        "Run": 177,
        "Zone": 1,
        "Postcode": 2093
    },
    {
        "Suburb": "BALMAIN",
        "Run": "94",
        "Zone": "2",
        "Postcode": "2041"
    },
    {
        "Suburb": "BANGOR",
        "Run": 371,
        "Zone": 7,
        "Postcode": 2234
    },
    {
        "Suburb": "BANKSIA",
        "Run": 347,
        "Zone": 6,
        "Postcode": 2216
    },
    {
        "Suburb": "BANKSMEADOW",
        "Run": 66,
        "Zone": 3,
        "Postcode": 2019
    },
    {
        "Suburb": "BANKSTOWN",
        "Run": 49,
        "Zone": 6,
        "Postcode": 2200
    },
    {
        "Suburb": "BANKSTOWN AIRPORT",
        "Run": 41,
        "Zone": 6,
        "Postcode": 2200
    },
    {
        "Suburb": "BARANGAROO",
        "Run": 57,
        "Zone": 2,
        "Postcode": 2000
    },
    {
        "Suburb": "BARDEN RIDGE",
        "Run": 138,
        "Zone": 7,
        "Postcode": 2234
    },
    {
        "Suburb": "BARDIA",
        "Run": 302,
        "Zone": 7,
        "Postcode": 2565
    },
    {
        "Suburb": "BARDWEL PARK",
        "Run": 154,
        "Zone": 6,
        "Postcode": 2207
    },
    {
        "Suburb": "BARDWELL VALLEY",
        "Run": 154,
        "Zone": 6,
        "Postcode": 2207
    },
    {
        "Suburb": "BASS HILL",
        "Run": 92,
        "Zone": 6,
        "Postcode": 2197
    },
    {
        "Suburb": "BAULKHAM HILLS",
        "Run": 102,
        "Zone": 4,
        "Postcode": 2153
    },
    {
        "Suburb": "BAYVIEW",
        "Run": 173,
        "Zone": 1,
        "Postcode": 2104
    },
    {
        "Suburb": "BEACON HILL",
        "Run": 97,
        "Zone": 1,
        "Postcode": 2100
    },
    {
        "Suburb": "BEACONSFIELD",
        "Run": 70,
        "Zone": 3,
        "Postcode": 2015
    },
    {
        "Suburb": "BEAUMONT HILLS",
        "Run": 6,
        "Zone": 4,
        "Postcode": 2155
    },
    {
        "Suburb": "BEECROFT",
        "Run": 339,
        "Zone": 2,
        "Postcode": 2119
    },
    {
        "Suburb": "BELFIELD",
        "Run": 46,
        "Zone": 6,
        "Postcode": 2191
    },
    {
        "Suburb": "BELLA VISTA",
        "Run": 11,
        "Zone": 5,
        "Postcode": 2153
    },
    {
        "Suburb": "BELLEVUE HILL",
        "Run": 162,
        "Zone": 3,
        "Postcode": 2023
    },
    {
        "Suburb": "BELMORE",
        "Run": 46,
        "Zone": 6,
        "Postcode": 2192
    },
    {
        "Suburb": "BELROSE",
        "Run": 83,
        "Zone": 1,
        "Postcode": 2085
    },
    {
        "Suburb": "BERALA",
        "Run": 20,
        "Zone": 6,
        "Postcode": 2141
    },
    {
        "Suburb": "BERKSHIRE PARK",
        "Run": 152,
        "Zone": 5,
        "Postcode": 2765
    },
    {
        "Suburb": "BEROWRA",
        "Run": 187,
        "Zone": 2,
        "Postcode": 2081
    },
    {
        "Suburb": "BEROWRA HEIGHTS",
        "Run": 187,
        "Zone": 2,
        "Postcode": 2082
    },
    {
        "Suburb": "BEVERLEY PARK",
        "Run": 156,
        "Zone": 6,
        "Postcode": 2217
    },
    {
        "Suburb": "BEVERLY HILLS",
        "Run": 43,
        "Zone": 6,
        "Postcode": 2209
    },
    {
        "Suburb": "BEXLEY",
        "Run": 45,
        "Zone": 6,
        "Postcode": 2207
    },
    {
        "Suburb": "BEXLEY NORTH",
        "Run": 45,
        "Zone": 6,
        "Postcode": 2207
    },
    {
        "Suburb": "BIDWILL",
        "Run": 126,
        "Zone": 5,
        "Postcode": 2770
    },
    {
        "Suburb": "BILGOLA",
        "Run": 173,
        "Zone": 1,
        "Postcode": 2107
    },
    {
        "Suburb": "BILGOLA PLATEAU",
        "Run": 173,
        "Zone": 1,
        "Postcode": 2107
    },
    {
        "Suburb": "BIRCHGROVE",
        "Run": 94,
        "Zone": 2,
        "Postcode": 2041
    },
    {
        "Suburb": "BIRRONG",
        "Run": 21,
        "Zone": 6,
        "Postcode": 2143
    },
    {
        "Suburb": "BLACKETT",
        "Run": 355,
        "Zone": 5,
        "Postcode": 2770
    },
    {
        "Suburb": "BLACKHEATH",
        "Run": 358,
        "Zone": 5,
        "Postcode": 2785
    },
    {
        "Suburb": "BLACKTOWN",
        "Run": 357,
        "Zone": 5,
        "Postcode": 2148
    },
    {
        "Suburb": "BLAIR ATHOL",
        "Run": 33,
        "Zone": 7,
        "Postcode": 2560
    },
    {
        "Suburb": "BLAIRMOUNT",
        "Run": 30,
        "Zone": 7,
        "Postcode": 2559
    },
    {
        "Suburb": "BLAKEHURST",
        "Run": 156,
        "Zone": 6,
        "Postcode": 2221
    },
    {
        "Suburb": "BLAXLAND",
        "Run": 109,
        "Zone": 5,
        "Postcode": 2774
    },
    {
        "Suburb": "BLIGH PARK",
        "Run": 7,
        "Zone": 5,
        "Postcode": 2756
    },
    {
        "Suburb": "BONDI",
        "Run": 161,
        "Zone": 3,
        "Postcode": 2026
    },
    {
        "Suburb": "BONDI BEACH",
        "Run": 161,
        "Zone": 3,
        "Postcode": 2026
    },
    {
        "Suburb": "BONDI JUNCTION",
        "Run": 64,
        "Zone": 3,
        "Postcode": 2022
    },
    {
        "Suburb": "BONNET BAY",
        "Run": 371,
        "Zone": 7,
        "Postcode": 2226
    },
    {
        "Suburb": "BONNYRIGG",
        "Run": 362,
        "Zone": 4,
        "Postcode": 2177
    },
    {
        "Suburb": "BONNYRIGG HEIGHTS",
        "Run": 362,
        "Zone": 4,
        "Postcode": 2177
    },
    {
        "Suburb": "BORONIA PARK",
        "Run": 125,
        "Zone": 2,
        "Postcode": 2111
    },
    {
        "Suburb": "BOSSLEY PARK",
        "Run": 105,
        "Zone": 4,
        "Postcode": 2176
    },
    {
        "Suburb": "BOTANY",
        "Run": 67,
        "Zone": 3,
        "Postcode": 2019
    },
    {
        "Suburb": "BOW BOWING",
        "Run": 30,
        "Zone": 7,
        "Postcode": 2566
    },
    {
        "Suburb": "BOX HILL",
        "Run": 8,
        "Zone": 5,
        "Postcode": 2765
    },
    {
        "Suburb": "BRADBURY",
        "Run": 364,
        "Zone": 7,
        "Postcode": 2560
    },
    {
        "Suburb": "BREAKFAST POINT",
        "Run": 148,
        "Zone": 4,
        "Postcode": 2137
    },
    {
        "Suburb": "BRIGHTON-LE-SANDS",
        "Run": 157,
        "Zone": 6,
        "Postcode": 2216
    },
    {
        "Suburb": "BROADWAY",
        "Run": 53,
        "Zone": 2,
        "Postcode": 2007
    },
    {
        "Suburb": "BROADWAY",
        "Run": 53,
        "Zone": 2,
        "Postcode": 2581
    },
    {
        "Suburb": "BRONTE",
        "Run": 150,
        "Zone": 3,
        "Postcode": 2024
    },
    {
        "Suburb": "BROOKVALE",
        "Run": 71,
        "Zone": 1,
        "Postcode": 2100
    },
    {
        "Suburb": "BULLABURRA",
        "Run": 228,
        "Zone": 5,
        "Postcode": 2784
    },
    {
        "Suburb": "BUNGAN BEACH",
        "Run": 73,
        "Zone": 1,
        "Postcode": 2106
    },
    {
        "Suburb": "BUNGARRIBEE",
        "Run": 4,
        "Zone": 7,
        "Postcode": 2767
    },
    {
        "Suburb": "BURRANEER",
        "Run": 36,
        "Zone": 7,
        "Postcode": 2230
    },
    {
        "Suburb": "BURWOOD",
        "Run": 481,
        "Zone": 4,
        "Postcode": 2134
    },
    {
        "Suburb": "BURWOOD HEIGHTS",
        "Run": 132,
        "Zone": 4,
        "Postcode": 2136
    },
    {
        "Suburb": "BUSBY",
        "Run": 377,
        "Zone": 4,
        "Postcode": 2168
    },
    {
        "Suburb": "CABARITA",
        "Run": "148",
        "Zone": "4",
        "Postcode": "2137"
    },
    {
        "Suburb": "CABRAMATTA",
        "Run": "133",
        "Zone": "4",
        "Postcode": "2166"
    },
    {
        "Suburb": "CABRAMATTA WEST",
        "Run": 194,
        "Zone": 4,
        "Postcode": 2166
    },
    {
        "Suburb": "CADDENS",
        "Run": 98,
        "Zone": 5,
        "Postcode": 2747
    },
    {
        "Suburb": "CAMBRIDGE PARK",
        "Run": 98,
        "Zone": 5,
        "Postcode": 2747
    },
    {
        "Suburb": "CAMDEN",
        "Run": 372,
        "Zone": 7,
        "Postcode": 2570
    },
    {
        "Suburb": "CAMDEN AIRPORT",
        "Run": 372,
        "Zone": 7,
        "Postcode": 2570
    },
    {
        "Suburb": "CAMDEN PARK",
        "Run": 372,
        "Zone": 7,
        "Postcode": 2570
    },
    {
        "Suburb": "CAMDEN SOUTH",
        "Run": 372,
        "Zone": 7,
        "Postcode": 2570
    },
    {
        "Suburb": "CAMELLIA",
        "Run": 14,
        "Zone": 5,
        "Postcode": 2142
    },
    {
        "Suburb": "CAMMERAY",
        "Run": 121,
        "Zone": 1,
        "Postcode": 2062
    },
    {
        "Suburb": "CAMPBELLTOWN",
        "Run": 33,
        "Zone": 7,
        "Postcode": 2560
    },
    {
        "Suburb": "CAMPERDOWN",
        "Run": 127,
        "Zone": 3,
        "Postcode": 2050
    },
    {
        "Suburb": "CAMPSIE",
        "Run": 145,
        "Zone": 6,
        "Postcode": 2194
    },
    {
        "Suburb": "CANADA BAY",
        "Run": 148,
        "Zone": 4,
        "Postcode": 2046
    },
    {
        "Suburb": "CANLEY HEIGHTS",
        "Run": 194,
        "Zone": 4,
        "Postcode": 2166
    },
    {
        "Suburb": "CANLEY VALE",
        "Run": "194",
        "Zone": "4",
        "Postcode": "2166"
    },
    {
        "Suburb": "CANTERBURY",
        "Run": 145,
        "Zone": 6,
        "Postcode": 2193
    },
    {
        "Suburb": "CAREEL BEACH",
        "Run": 73,
        "Zone": 1,
        "Postcode": 2107
    },
    {
        "Suburb": "CARINGBAH",
        "Run": 361,
        "Zone": 7,
        "Postcode": 2229
    },
    {
        "Suburb": "CARINGBAH SOUTH",
        "Run": 36,
        "Zone": 7,
        "Postcode": 2229
    },
    {
        "Suburb": "CARLINGFORD",
        "Run": 124,
        "Zone": 2,
        "Postcode": 2118
    },
    {
        "Suburb": "CARLTON",
        "Run": 157,
        "Zone": 6,
        "Postcode": 2218
    },
    {
        "Suburb": "CARNES HILL",
        "Run": 291,
        "Zone": 7,
        "Postcode": 2171
    },
    {
        "Suburb": "CARRAMAR",
        "Run": 133,
        "Zone": 4,
        "Postcode": 2163
    },
    {
        "Suburb": "CARRS PARK",
        "Run": 103,
        "Zone": 6,
        "Postcode": 2221
    },
    {
        "Suburb": "CARTWRIGHT",
        "Run": 377,
        "Zone": 4,
        "Postcode": 2168
    },
    {
        "Suburb": "CASTLE COVE",
        "Run": 80,
        "Zone": 1,
        "Postcode": 2069
    },
    {
        "Suburb": "CASTLE HILL",
        "Run": 352,
        "Zone": 4,
        "Postcode": 2154
    },
    {
        "Suburb": "CASTLECRAG",
        "Run": 80,
        "Zone": 1,
        "Postcode": 2068
    },
    {
        "Suburb": "CASULA",
        "Run": "376",
        "Zone": "7",
        "Postcode": "2170"
    },
    {
        "Suburb": "CATHERINE FIELD",
        "Run": 301,
        "Zone": 7,
        "Postcode": 2557
    },
    {
        "Suburb": "CATHERINE PARK",
        "Run": 314,
        "Zone": 7,
        "Postcode": 2557
    },
    {
        "Suburb": "CECIL HILLS",
        "Run": 193,
        "Zone": 4,
        "Postcode": 2171
    },
    {
        "Suburb": "CECIL PARK",
        "Run": 301,
        "Zone": 5,
        "Postcode": 2178
    },
    {
        "Suburb": "CENTENNIAL PARK",
        "Run": 64,
        "Zone": 3,
        "Postcode": 2021
    },
    {
        "Suburb": "CENTRAL STATION",
        "Run": 91,
        "Zone": 2,
        "Postcode": 2000
    },
    {
        "Suburb": "CHATSWOOD",
        "Run": 137,
        "Zone": 1,
        "Postcode": 2067
    },
    {
        "Suburb": "CHATSWOOD CHASE",
        "Run": 137,
        "Zone": 1,
        "Postcode": 2067
    },
    {
        "Suburb": "CHELTENHAM",
        "Run": 339,
        "Zone": 2,
        "Postcode": 2119
    },
    {
        "Suburb": "CHERRYBROOK",
        "Run": 16,
        "Zone": 5,
        "Postcode": 2126
    },
    {
        "Suburb": "CHESTER HILL",
        "Run": 120,
        "Zone": 4,
        "Postcode": 2162
    },
    {
        "Suburb": "CHIFLEY",
        "Run": 346,
        "Zone": 3,
        "Postcode": 2036
    },
    {
        "Suburb": "CHIFLEY SQUARE",
        "Run": 113,
        "Zone": 2
    },
    {
        "Suburb": "CHIPPENDALE",
        "Run": 591,
        "Zone": 3,
        "Postcode": 2008
    },
    {
        "Suburb": "CHIPPING NORTON",
        "Run": 104,
        "Zone": 7,
        "Postcode": 2170
    },
    {
        "Suburb": "CHISWICK",
        "Run": 52,
        "Zone": 4,
        "Postcode": 2046
    },
    {
        "Suburb": "CHULLORA",
        "Run": 40,
        "Zone": 6,
        "Postcode": 2190
    },
    {
        "Suburb": "CHURCH POINT",
        "Run": 173,
        "Zone": 1,
        "Postcode": 2105
    },
    {
        "Suburb": "CIRCULAR QUAY",
        "Run": 112,
        "Zone": 2,
        "Postcode": 2000
    },
    {
        "Suburb": "CLAREMONT MEADOWS",
        "Run": 98,
        "Zone": 5,
        "Postcode": 2747
    },
    {
        "Suburb": "CLARENDON",
        "Run": 7,
        "Zone": 5,
        "Postcode": 2756
    },
    {
        "Suburb": "CLAREVILLE",
        "Run": 73,
        "Zone": 1,
        "Postcode": 2107
    },
    {
        "Suburb": "CLAYMORE",
        "Run": 30,
        "Zone": 7,
        "Postcode": 2559
    },
    {
        "Suburb": "CLEMPTON PARK",
        "Run": 145,
        "Zone": 6,
        "Postcode": 2206
    },
    {
        "Suburb": "CLIFTON GARDENS",
        "Run": 76,
        "Zone": 1,
        "Postcode": 2088
    },
    {
        "Suburb": "CLONTARF",
        "Run": 177,
        "Zone": 1,
        "Postcode": 2093
    },
    {
        "Suburb": "CLOVELLY",
        "Run": 150,
        "Zone": 3,
        "Postcode": 2031
    },
    {
        "Suburb": "CLYDE",
        "Run": 20,
        "Zone": 6,
        "Postcode": 2142
    },
    {
        "Suburb": "COBBITTY",
        "Run": 314,
        "Zone": 7,
        "Postcode": 2570
    },
    {
        "Suburb": "COLEBEE",
        "Run": 86,
        "Zone": 5,
        "Postcode": 2761
    },
    {
        "Suburb": "COLLAROY",
        "Run": 179,
        "Zone": 1,
        "Postcode": 2097
    },
    {
        "Suburb": "COLLAROY PLATEAU",
        "Run": 179,
        "Zone": 1,
        "Postcode": 2097
    },
    {
        "Suburb": "COLYTON",
        "Run": 354,
        "Zone": 5,
        "Postcode": 2760
    },
    {
        "Suburb": "COMO",
        "Run": 371,
        "Zone": 7,
        "Postcode": 2226
    },
    {
        "Suburb": "CONCORD",
        "Run": 50,
        "Zone": 4,
        "Postcode": 2137
    },
    {
        "Suburb": "CONCORD WEST",
        "Run": 50,
        "Zone": 4,
        "Postcode": 2138
    },
    {
        "Suburb": "CONDELL PARK",
        "Run": 41,
        "Zone": 6,
        "Postcode": 2200
    },
    {
        "Suburb": "CONNELLS POINT",
        "Run": 156,
        "Zone": 6,
        "Postcode": 2221
    },
    {
        "Suburb": "CONSTITUTION HILL",
        "Run": 141,
        "Zone": 4,
        "Postcode": 2145
    },
    {
        "Suburb": "CONVENTION CENTRE",
        "Run": 56,
        "Zone": 2
    },
    {
        "Suburb": "COOGEE",
        "Run": 69,
        "Zone": 3,
        "Postcode": 2034
    },
    {
        "Suburb": "CRANEBROOK",
        "Run": 152,
        "Zone": 5,
        "Postcode": 2749
    },
    {
        "Suburb": "CREMORNE",
        "Run": 189,
        "Zone": 1,
        "Postcode": 2090
    },
    {
        "Suburb": "CREMORNE JUNCTION",
        "Run": 189,
        "Zone": 1,
        "Postcode": 2090
    },
    {
        "Suburb": "CREMORNE POINT",
        "Run": 189,
        "Zone": 1,
        "Postcode": 2090
    },
    {
        "Suburb": "CROMER",
        "Run": 97,
        "Zone": 1,
        "Postcode": 2099
    },
    {
        "Suburb": "CROMER HEIGHTS",
        "Run": 97,
        "Zone": 1,
        "Postcode": 2099
    },
    {
        "Suburb": "CRONULLA",
        "Run": 351,
        "Zone": 7,
        "Postcode": 2230
    },
    {
        "Suburb": "CROSS ROADS",
        "Run": 376,
        "Zone": 7,
        "Postcode": 2850
    },
    {
        "Suburb": "CROWS NEST",
        "Run": 77,
        "Zone": 1,
        "Postcode": 2065
    },
    {
        "Suburb": "CROYDON",
        "Run": 481,
        "Zone": 4,
        "Postcode": 2132
    },
    {
        "Suburb": "CROYDON PARK",
        "Run": 132,
        "Zone": 4,
        "Postcode": 2133
    },
    {
        "Suburb": "CURL CURL",
        "Run": 172,
        "Zone": 1,
        "Postcode": 2096
    },
    {
        "Suburb": "CURRANS HILL",
        "Run": 31,
        "Zone": 7,
        "Postcode": 2567
    },
    {
        "Suburb": "DACEYVILLE",
        "Run": 167,
        "Zone": 3,
        "Postcode": 2032
    },
    {
        "Suburb": "DARLING HARBOUR",
        "Run": 56,
        "Zone": 2,
        "Postcode": 2000
    },
    {
        "Suburb": "DARLING POINT",
        "Run": 164,
        "Zone": 3,
        "Postcode": 2027
    },
    {
        "Suburb": "DARLINGHURST",
        "Run": 63,
        "Zone": 3,
        "Postcode": 2010
    },
    {
        "Suburb": "DARLINGTON",
        "Run": 591,
        "Zone": 3,
        "Postcode": 2008
    },
    {
        "Suburb": "DAVIDSON",
        "Run": 83,
        "Zone": 1,
        "Postcode": 2085
    },
    {
        "Suburb": "DAWES POINT",
        "Run": 57,
        "Zone": 2,
        "Postcode": 2000
    },
    {
        "Suburb": "DEAN PARK",
        "Run": 135,
        "Zone": 5,
        "Postcode": 2761
    },
    {
        "Suburb": "DEE WHY",
        "Run": 171,
        "Zone": 1,
        "Postcode": 2099
    },
    {
        "Suburb": "DENHAM COURT",
        "Run": 302,
        "Zone": 7,
        "Postcode": 2565
    },
    {
        "Suburb": "DENISTONE",
        "Run": 13,
        "Zone": 2,
        "Postcode": 2114
    },
    {
        "Suburb": "DENISTONE EAST",
        "Run": 13,
        "Zone": 2,
        "Postcode": 2112
    },
    {
        "Suburb": "DENISTONE WEST",
        "Run": 13,
        "Zone": 2,
        "Postcode": 2114
    },
    {
        "Suburb": "DHARRUK",
        "Run": 355,
        "Zone": 5,
        "Postcode": 2770
    },
    {
        "Suburb": "DIAMOND BAY",
        "Run": 340,
        "Zone": 3,
        "Postcode": 2030
    },
    {
        "Suburb": "DNSDC",
        "Run": 27,
        "Zone": 7,
        "Postcode": 2170
    },
    {
        "Suburb": "DOLANS BAY",
        "Run": 36,
        "Zone": 7,
        "Postcode": 2229
    },
    {
        "Suburb": "DOLLS POINT",
        "Run": 103,
        "Zone": 6,
        "Postcode": 2219
    },
    {
        "Suburb": "DOONSIDE",
        "Run": 357,
        "Zone": 5,
        "Postcode": 2767
    },
    {
        "Suburb": "DOUBLE BAY",
        "Run": 162,
        "Zone": 3,
        "Postcode": 2028
    },
    {
        "Suburb": "DOVER HEIGHTS",
        "Run": 340,
        "Zone": 3,
        "Postcode": 2030
    },
    {
        "Suburb": "DRUMMOYNE",
        "Run": 52,
        "Zone": 4,
        "Postcode": 2047
    },
    {
        "Suburb": "DULWICH HILL",
        "Run": 345,
        "Zone": 6,
        "Postcode": 2203
    },
    {
        "Suburb": "DUNDAS",
        "Run": 338,
        "Zone": 2,
        "Postcode": 2117
    },
    {
        "Suburb": "DURAL",
        "Run": 16,
        "Zone": 5,
        "Postcode": 2158
    },
    {
        "Suburb": "EAGLE VALE",
        "Run": 30,
        "Zone": 7,
        "Postcode": 2558
    },
    {
        "Suburb": "EARLWOOD",
        "Run": 154,
        "Zone": 6,
        "Postcode": 2206
    },
    {
        "Suburb": "EAST BOTANY",
        "Run": 66,
        "Zone": 3,
        "Postcode": 2019
    },
    {
        "Suburb": "EAST HILLS",
        "Run": 149,
        "Zone": 6,
        "Postcode": 2213
    },
    {
        "Suburb": "EAST KILLARA",
        "Run": 180,
        "Zone": 1,
        "Postcode": 2071
    },
    {
        "Suburb": "EAST LINDFIELD",
        "Run": 180,
        "Zone": 1,
        "Postcode": 2070
    },
    {
        "Suburb": "EAST RYDE",
        "Run": 181,
        "Zone": 2,
        "Postcode": 2113
    },
    {
        "Suburb": "EAST SYDNEY",
        "Run": 63,
        "Zone": 3,
        "Postcode": 2000
    },
    {
        "Suburb": "EASTERN CREEK",
        "Run": 353,
        "Zone": 7,
        "Postcode": 2766
    },
    {
        "Suburb": "EASTGARDENS",
        "Run": 167,
        "Zone": 3,
        "Postcode": 2036
    },
    {
        "Suburb": "EASTLAKES",
        "Run": 111,
        "Zone": 3,
        "Postcode": 2018
    },
    {
        "Suburb": "EASTWOOD",
        "Run": 181,
        "Zone": 2,
        "Postcode": 2122
    },
    {
        "Suburb": "EDENSOR PARK",
        "Run": 105,
        "Zone": 4,
        "Postcode": 2176
    },
    {
        "Suburb": "EDGECLIFF",
        "Run": 134,
        "Zone": 3,
        "Postcode": 2027
    },
    {
        "Suburb": "EDMONDSON PARK",
        "Run": 302,
        "Zone": 7,
        "Postcode": 2174
    },
    {
        "Suburb": "ELANORA HEIGHTS",
        "Run": 197,
        "Zone": 1,
        "Postcode": 2101
    },
    {
        "Suburb": "ELDERSLIE",
        "Run": 372,
        "Zone": 7,
        "Postcode": 2335
    },
    {
        "Suburb": "ELDERSLIE",
        "Run": 372,
        "Zone": 7,
        "Postcode": 2570
    },
    {
        "Suburb": "ELIZABETH BAY",
        "Run": 631,
        "Zone": 3,
        "Postcode": 2011
    },
    {
        "Suburb": "ELIZABETH HILLS",
        "Run": 193,
        "Zone": 4,
        "Postcode": 2171
    },
    {
        "Suburb": "ELLIS LANE",
        "Run": 372,
        "Zone": 7,
        "Postcode": 2570
    },
    {
        "Suburb": "EMERTON",
        "Run": 355,
        "Zone": 5,
        "Postcode": 2770
    },
    {
        "Suburb": "EMU HEIGHTS",
        "Run": 99,
        "Zone": 5,
        "Postcode": 2750
    },
    {
        "Suburb": "EMU PLAINS",
        "Run": 99,
        "Zone": 5,
        "Postcode": 2750
    },
    {
        "Suburb": "ENFIELD",
        "Run": 46,
        "Zone": 6,
        "Postcode": 2136
    },
    {
        "Suburb": "ENGADINE",
        "Run": 144,
        "Zone": 7,
        "Postcode": 2233
    },
    {
        "Suburb": "ENGLORIE PARK",
        "Run": 364,
        "Zone": 7,
        "Postcode": 2560
    },
    {
        "Suburb": "ENMORE",
        "Run": 155,
        "Zone": 3,
        "Postcode": 2042
    },
    {
        "Suburb": "EPPING",
        "Run": 123,
        "Zone": 2,
        "Postcode": 2121
    },
    {
        "Suburb": "ERMINGTON",
        "Run": 13,
        "Zone": 2,
        "Postcode": 2115
    },
    {
        "Suburb": "ERSKINE PARK",
        "Run": 117,
        "Zone": 7,
        "Postcode": 2759
    },
    {
        "Suburb": "ERSKINEVILLE",
        "Run": 59,
        "Zone": 3,
        "Postcode": 2043
    },
    {
        "Suburb": "ESCHOL PARK",
        "Run": 30,
        "Zone": 7,
        "Postcode": 2558
    },
    {
        "Suburb": "EVELEIGH",
        "Run": 591,
        "Zone": 3,
        "Postcode": 2015
    },
    {
        "Suburb": "FAIRFIELD",
        "Run": 133,
        "Zone": 4,
        "Postcode": 2165
    },
    {
        "Suburb": "FAIRFIELD EAST",
        "Run": 24,
        "Zone": 4,
        "Postcode": 2165
    },
    {
        "Suburb": "FAIRFIELD HEIGHTS",
        "Run": 195,
        "Zone": 4,
        "Postcode": 2165
    },
    {
        "Suburb": "FAIRFIELD WEST",
        "Run": 195,
        "Zone": 4,
        "Postcode": 2165
    },
    {
        "Suburb": "FAIRLIGHT",
        "Run": 175,
        "Zone": 1,
        "Postcode": 2094
    },
    {
        "Suburb": "FAULCONBRIDGE",
        "Run": 101,
        "Zone": 5,
        "Postcode": 2776
    },
    {
        "Suburb": "FIVE DOCK",
        "Run": 148,
        "Zone": 4,
        "Postcode": 2046
    },
    {
        "Suburb": "FOREST LODGE",
        "Run": 53,
        "Zone": 2,
        "Postcode": 2037
    },
    {
        "Suburb": "FORESTVILLE",
        "Run": 831,
        "Zone": 1,
        "Postcode": 2087
    },
    {
        "Suburb": "FOX STUDIOS",
        "Run": 164,
        "Zone": 3,
        "Postcode": 2021
    },
    {
        "Suburb": "FRENCHS FOREST",
        "Run": 831,
        "Zone": 1,
        "Postcode": 2086
    },
    {
        "Suburb": "FRESHWATER",
        "Run": 172,
        "Zone": 1,
        "Postcode": 2096
    },
    {
        "Suburb": "GABLES",
        "Run": 8,
        "Zone": 5,
        "Postcode": 2765
    },
    {
        "Suburb": "GARDEN ISLAND",
        "Run": 631,
        "Zone": 3,
        "Postcode": 2011
    },
    {
        "Suburb": "GEORGES HALL",
        "Run": 92,
        "Zone": 6,
        "Postcode": 2198
    },
    {
        "Suburb": "GIRRAWEEN",
        "Run": 10,
        "Zone": 4,
        "Postcode": 2145
    },
    {
        "Suburb": "GLADESVILLE",
        "Run": 125,
        "Zone": 2,
        "Postcode": 2111
    },
    {
        "Suburb": "GLEBE",
        "Run": 53,
        "Zone": 2,
        "Postcode": 2037
    },
    {
        "Suburb": "GLEDSWOOD HILLS",
        "Run": 31,
        "Zone": 7,
        "Postcode": 2557
    },
    {
        "Suburb": "GLEN ALPINE",
        "Run": 364,
        "Zone": 7,
        "Postcode": 2560
    },
    {
        "Suburb": "GLENBROOK",
        "Run": 109,
        "Zone": 5,
        "Postcode": 2773
    },
    {
        "Suburb": "GLENDENNING",
        "Run": 135,
        "Zone": 5,
        "Postcode": 2761
    },
    {
        "Suburb": "GLENFIELD",
        "Run": 376,
        "Zone": 7,
        "Postcode": 2167
    },
    {
        "Suburb": "GLENHAVEN",
        "Run": 192,
        "Zone": 4,
        "Postcode": 2156
    },
    {
        "Suburb": "GLENMORE PARK",
        "Run": 191,
        "Zone": 5,
        "Postcode": 2745
    },
    {
        "Suburb": "GLENWOOD",
        "Run": 136,
        "Zone": 5,
        "Postcode": 2768
    },
    {
        "Suburb": "GORDON",
        "Run": 108,
        "Zone": 2,
        "Postcode": 2072
    },
    {
        "Suburb": "GRANTHAM FARM",
        "Run": 86,
        "Zone": 5,
        "Postcode": 2765
    },
    {
        "Suburb": "GRANVILLE",
        "Run": 120,
        "Zone": 4,
        "Postcode": 2142
    },
    {
        "Suburb": "GRAYS POINT",
        "Run": 38,
        "Zone": 7,
        "Postcode": 2232
    },
    {
        "Suburb": "GREEN VALLEY",
        "Run": 193,
        "Zone": 4,
        "Postcode": 2168
    },
    {
        "Suburb": "GREENACRE",
        "Run": 344,
        "Zone": 6,
        "Postcode": 2190
    },
    {
        "Suburb": "GREENFIELD PARK",
        "Run": 105,
        "Zone": 4,
        "Postcode": 2176
    },
    {
        "Suburb": "GREENHILLS BEACH",
        "Run": 35,
        "Zone": 7,
        "Postcode": 2230
    },
    {
        "Suburb": "GREENWICH",
        "Run": 186,
        "Zone": 1,
        "Postcode": 2065
    },
    {
        "Suburb": "GREGORY HILLS",
        "Run": 31,
        "Zone": 7,
        "Postcode": 2557
    },
    {
        "Suburb": "GREYSTANES",
        "Run": 282,
        "Zone": 4,
        "Postcode": 2145
    },
    {
        "Suburb": "GUILDFORD",
        "Run": 28,
        "Zone": 4,
        "Postcode": 2161,
        "Column12": "     "
    },
    {
        "Suburb": "GYMEA",
        "Run": 38,
        "Zone": 7,
        "Postcode": 2227
    },
    {
        "Suburb": "GYMEA BAY",
        "Run": 38,
        "Zone": 7,
        "Postcode": 2227
    },
    {
        "Suburb": "HABERFIELD",
        "Run": 349,
        "Zone": 4,
        "Postcode": 2045
    },
    {
        "Suburb": "HAMMONDVILLE",
        "Run": 271,
        "Zone": 7,
        "Postcode": 2170
    },
    {
        "Suburb": "HARRINGTON PARK",
        "Run": 313,
        "Zone": 7,
        "Postcode": 2567
    },
    {
        "Suburb": "HARRIS PARK",
        "Run": 14,
        "Zone": 5,
        "Postcode": 2150
    },
    {
        "Suburb": "HASSALL GROVE",
        "Run": 126,
        "Zone": 5,
        "Postcode": 2761
    },
    {
        "Suburb": "HAYMARKET",
        "Run": 91,
        "Zone": 2,
        "Postcode": 2000
    },
    {
        "Suburb": "HAZELBROOK",
        "Run": 101,
        "Zone": 5,
        "Postcode": 2779
    },
    {
        "Suburb": "HEATHCOTE",
        "Run": 144,
        "Zone": 7,
        "Postcode": 2233
    },
    {
        "Suburb": "HEBERSHAM",
        "Run": 126,
        "Zone": 5,
        "Postcode": 2770
    },
    {
        "Suburb": "HECKENBERG",
        "Run": 377,
        "Zone": 4,
        "Postcode": 2168
    },
    {
        "Suburb": "HENLEY",
        "Run": 125,
        "Zone": 2,
        "Postcode": 2111
    },
    {
        "Suburb": "HILLSDALE",
        "Run": 66,
        "Zone": 3,
        "Postcode": 2036
    },
    {
        "Suburb": "HINCHINBROOK",
        "Run": 377,
        "Zone": 4,
        "Postcode": 2168
    },
    {
        "Suburb": "HOBARTVILLE",
        "Run": 7,
        "Zone": 5,
        "Postcode": 2753
    },
    {
        "Suburb": "HOLROYD",
        "Run": 283,
        "Zone": 4,
        "Postcode": 2142
    },
    {
        "Suburb": "HOLSWORTHY",
        "Run": 271,
        "Zone": 7,
        "Postcode": 2173
    },
    {
        "Suburb": "HOLSWORTHY BARRACKS",
        "Run": 271,
        "Zone": 7,
        "Postcode": 2173
    },
    {
        "Suburb": "HOMEBUSH",
        "Run": 48,
        "Zone": 4,
        "Postcode": 2140
    },
    {
        "Suburb": "HOMEBUSH BAY",
        "Run": 19,
        "Zone": 6,
        "Postcode": 2127
    },
    {
        "Suburb": "HOMEBUSH WEST",
        "Run": 22,
        "Zone": 6,
        "Postcode": 2140
    },
    {
        "Suburb": "HORNINGSEA PARK",
        "Run": 291,
        "Zone": 7,
        "Postcode": 2171
    },
    {
        "Suburb": "HORNSBY",
        "Run": 188,
        "Zone": 2,
        "Postcode": 2077
    },
    {
        "Suburb": "HORNSBY HEIGHTS",
        "Run": 190,
        "Zone": 2,
        "Postcode": 2077
    },
    {
        "Suburb": "HORSLEY PARK",
        "Run": 301,
        "Zone": 7,
        "Postcode": 2175
    },
    {
        "Suburb": "HOXTON PARK",
        "Run": 291,
        "Zone": 7,
        "Postcode": 2171
    },
    {
        "Suburb": "HUNTERS HILL",
        "Run": 125,
        "Zone": 2,
        "Postcode": 2110
    },
    {
        "Suburb": "HUNTINGWOOD",
        "Run": 4,
        "Zone": 7,
        "Postcode": 2148
    },
    {
        "Suburb": "HUNTLEYS POINT",
        "Run": 125,
        "Zone": 2,
        "Postcode": 2111
    },
    {
        "Suburb": "HURLSTONE PARK",
        "Run": 345,
        "Zone": 6,
        "Postcode": 2193
    },
    {
        "Suburb": "HURSTVILLE",
        "Run": 44,
        "Zone": 6,
        "Postcode": 2220
    },
    {
        "Suburb": "HURSTVILLE GROVE",
        "Run": 156,
        "Zone": 6,
        "Postcode": 2220
    },
    {
        "Suburb": "ILLAWONG",
        "Run": 138,
        "Zone": 7,
        "Postcode": 2234
    },
    {
        "Suburb": "INGLEBURN",
        "Run": 32,
        "Zone": 7,
        "Postcode": 2565
    },
    {
        "Suburb": "INGLESIDE",
        "Run": 173,
        "Zone": 1,
        "Postcode": 2101
    },
    {
        "Suburb": "JAMISONTOWN",
        "Run": 2,
        "Zone": 5,
        "Postcode": 2750
    },
    {
        "Suburb": "JANNALI",
        "Run": 371,
        "Zone": 7,
        "Postcode": 2226
    },
    {
        "Suburb": "JORDAN SPRINGS",
        "Run": 198,
        "Zone": 5,
        "Postcode": 2747
    },
    {
        "Suburb": "KANGAROO POINT",
        "Run": 122,
        "Zone": 7,
        "Postcode": 2224
    },
    {
        "Suburb": "KAREELA",
        "Run": 37,
        "Zone": 7,
        "Postcode": 2232
    },
    {
        "Suburb": "KARRUBA POINT",
        "Run": 176,
        "Zone": 1
    },
    {
        "Suburb": "KATOOMBA",
        "Run": 358,
        "Zone": 5,
        "Postcode": 2780
    },
    {
        "Suburb": "KEARNS",
        "Run": 30,
        "Zone": 7,
        "Postcode": 2558
    },
    {
        "Suburb": "KELLYVILLE",
        "Run": 160,
        "Zone": 4,
        "Postcode": 2155
    },
    {
        "Suburb": "KELLYVILLE RIDGE",
        "Run": 602,
        "Zone": 4,
        "Postcode": 2155
    },
    {
        "Suburb": "KEMPS CREEK",
        "Run": 301,
        "Zone": 7,
        "Postcode": 2178
    },
    {
        "Suburb": "KENSINGTON",
        "Run": 169,
        "Zone": 3,
        "Postcode": 2033
    },
    {
        "Suburb": "KILLARA",
        "Run": 183,
        "Zone": 2,
        "Postcode": 2071
    },
    {
        "Suburb": "KILLARNEY HEIGHTS",
        "Run": 831,
        "Zone": 1,
        "Postcode": 2087
    },
    {
        "Suburb": "KINGS CROSS",
        "Run": 631,
        "Zone": 3,
        "Postcode": 2011
    },
    {
        "Suburb": "KINGS LANGLEY",
        "Run": 356,
        "Zone": 5,
        "Postcode": 2147
    },
    {
        "Suburb": "KINGS PARK",
        "Run": 5,
        "Zone": 5,
        "Postcode": 2148
    },
    {
        "Suburb": "KINGSFORD",
        "Run": 169,
        "Zone": 3,
        "Postcode": 2032
    },
    {
        "Suburb": "KINGSGROVE",
        "Run": 47,
        "Zone": 6,
        "Postcode": 2208
    },
    {
        "Suburb": "KINGSWOOD",
        "Run": 98,
        "Zone": 5,
        "Postcode": 2747
    },
    {
        "Suburb": "KIRKHAM",
        "Run": 372,
        "Zone": 7,
        "Postcode": 2570
    },
    {
        "Suburb": "KIRRAWEE",
        "Run": 37,
        "Zone": 7,
        "Postcode": 2232
    },
    {
        "Suburb": "KIRRIBILLI",
        "Run": 176,
        "Zone": 1,
        "Postcode": 2061
    },
    {
        "Suburb": "KOGARAH",
        "Run": 157,
        "Zone": 6,
        "Postcode": 2217
    },
    {
        "Suburb": "KOGARAH BAY",
        "Run": 103,
        "Zone": 6,
        "Postcode": 2217
    },
    {
        "Suburb": "KURRABA POINT",
        "Run": 176,
        "Zone": 1,
        "Postcode": 2089
    },
    {
        "Suburb": "KURNELL",
        "Run": 35,
        "Zone": 7,
        "Postcode": 2231
    },
    {
        "Suburb": "KYEEMAGH",
        "Run": 157,
        "Zone": 6,
        "Postcode": 2216
    },
    {
        "Suburb": "KYLE BAY",
        "Run": 156,
        "Zone": 6,
        "Postcode": 2221
    },
    {
        "Suburb": "LA PEROUSE",
        "Run": 346,
        "Zone": 3,
        "Postcode": 2036
    },
    {
        "Suburb": "LAKEMBA",
        "Run": 46,
        "Zone": 6,
        "Postcode": 2195
    },
    {
        "Suburb": "LALOR PARK",
        "Run": 356,
        "Zone": 5,
        "Postcode": 2147
    },
    {
        "Suburb": "LANE COVE",
        "Run": 178,
        "Zone": 1,
        "Postcode": 2066
    },
    {
        "Suburb": "LANE COVE NORTH",
        "Run": 178,
        "Zone": 1,
        "Postcode": 2066
    },
    {
        "Suburb": "LANE COVE WEST",
        "Run": 82,
        "Zone": 1,
        "Postcode": 2066
    },
    {
        "Suburb": "LANSDOWNE",
        "Run": 133,
        "Zone": 4,
        "Postcode": 2163
    },
    {
        "Suburb": "LANSVALE",
        "Run": 133,
        "Zone": 4,
        "Postcode": 2166
    },
    {
        "Suburb": "LAPSTONE",
        "Run": 109,
        "Zone": 5,
        "Postcode": 2773
    },
    {
        "Suburb": "LAVENDER BAY",
        "Run": 81,
        "Zone": 1,
        "Postcode": 2060
    },
    {
        "Suburb": "LAWSON",
        "Run": 228,
        "Zone": 5,
        "Postcode": 2783
    },
    {
        "Suburb": "LEICHHARDT",
        "Run": 51,
        "Zone": 2,
        "Postcode": 2040
    },
    {
        "Suburb": "LEN WATERS ESTATE",
        "Run": 193,
        "Zone": 4,
        "Postcode": 2171
    },
    {
        "Suburb": "LEONAY",
        "Run": 109,
        "Zone": 5,
        "Postcode": 2750
    },
    {
        "Suburb": "LEPPINGTON",
        "Run": 301,
        "Zone": 7,
        "Postcode": 2179
    },
    {
        "Suburb": "LETHBRIDGE PARK",
        "Run": 355,
        "Zone": 5,
        "Postcode": 2770
    },
    {
        "Suburb": "LEUMEAH",
        "Run": 114,
        "Zone": 7,
        "Postcode": 2560
    },
    {
        "Suburb": "LEURA",
        "Run": 228,
        "Zone": 5,
        "Postcode": 2780
    },
    {
        "Suburb": "LEWISHAM",
        "Run": 55,
        "Zone": 3,
        "Postcode": 2049
    },
    {
        "Suburb": "LIBERTY GROVE",
        "Run": 50,
        "Zone": 4,
        "Postcode": 2138
    },
    {
        "Suburb": "LIDCOMBE",
        "Run": 22,
        "Zone": 6,
        "Postcode": 2141
    },
    {
        "Suburb": "LILLI PILLI",
        "Run": 36,
        "Zone": 7,
        "Postcode": 2229
    },
    {
        "Suburb": "LILYFIELD",
        "Run": 94,
        "Zone": 2,
        "Postcode": 2040
    },
    {
        "Suburb": "LINDEN",
        "Run": 101,
        "Zone": 5,
        "Postcode": 2778
    },
    {
        "Suburb": "LINDFIELD",
        "Run": 183,
        "Zone": 2,
        "Postcode": 2070
    },
    {
        "Suburb": "LINLEY POINT",
        "Run": 182,
        "Zone": 1,
        "Postcode": 2066
    },
    {
        "Suburb": "LITTLE BAY",
        "Run": 346,
        "Zone": 3,
        "Postcode": 2036
    },
    {
        "Suburb": "LIVERPOOL",
        "Run": 119,
        "Zone": 7,
        "Postcode": 2170
    },
    {
        "Suburb": "LLANDILO",
        "Run": 152,
        "Zone": 5,
        "Postcode": 2747
    },
    {
        "Suburb": "LOFTUS",
        "Run": 381,
        "Zone": 7,
        "Postcode": 2232
    },
    {
        "Suburb": "LONDONDERRY",
        "Run": 152,
        "Zone": 5,
        "Postcode": 2753
    },
    {
        "Suburb": "LONGUEVILLE",
        "Run": 182,
        "Zone": 1,
        "Postcode": 2066
    },
    {
        "Suburb": "LUCAS HEIGHTS",
        "Run": 144,
        "Zone": 7,
        "Postcode": 2234
    },
    {
        "Suburb": "LUGARNO",
        "Run": 42,
        "Zone": 6,
        "Postcode": 2210
    },
    {
        "Suburb": "LURNEA",
        "Run": 377,
        "Zone": 4,
        "Postcode": 2170
    },
    {
        "Suburb": "MACARTHUR SQUARE",
        "Run": 33,
        "Zone": 7,
        "Postcode": 2560
    },
    {
        "Suburb": "MACQUARIE CENTRE",
        "Run": 106,
        "Zone": 2,
        "Postcode": 2113
    },
    {
        "Suburb": "MACQUARIE FIELDS",
        "Run": 146,
        "Zone": 7,
        "Postcode": 2564
    },
    {
        "Suburb": "MACQUARIE HOSPITAL",
        "Run": 106,
        "Zone": 2,
        "Postcode": 2113
    },
    {
        "Suburb": "MACQUARIE LINKS",
        "Run": 32,
        "Zone": 7,
        "Postcode": 2565
    },
    {
        "Suburb": "MACQUARIE PARK",
        "Run": 106,
        "Zone": 2,
        "Postcode": 2113
    },
    {
        "Suburb": "MACQUARIE UNI",
        "Run": 106,
        "Zone": 2,
        "Postcode": 2113
    },
    {
        "Suburb": "MALABAR",
        "Run": 346,
        "Zone": 3,
        "Postcode": 2036
    },
    {
        "Suburb": "MANLY",
        "Run": 75,
        "Zone": 1,
        "Postcode": 2095
    },
    {
        "Suburb": "MANLY VALE",
        "Run": 175,
        "Zone": 1,
        "Postcode": 2093
    },
    {
        "Suburb": "MARAYONG",
        "Run": 135,
        "Zone": 5,
        "Postcode": 2148
    },
    {
        "Suburb": "MARKET CITY",
        "Run": 56,
        "Zone": 2,
        "Postcode": 2000
    },
    {
        "Suburb": "MAROUBRA",
        "Run": 153,
        "Zone": 3,
        "Postcode": 2035
    },
    {
        "Suburb": "MARRICKVILLE",
        "Run": 54,
        "Zone": 3,
        "Postcode": 2204
    },
    {
        "Suburb": "MARSDEN PARK",
        "Run": 861,
        "Zone": 5,
        "Postcode": 2765
    },
    {
        "Suburb": "MARSFIELD",
        "Run": 106,
        "Zone": 2,
        "Postcode": 2122
    },
    {
        "Suburb": "MASCOT",
        "Run": 68,
        "Zone": 3,
        "Postcode": 2020
    },
    {
        "Suburb": "MASCOT AIRPORT",
        "Run": 68,
        "Zone": 3,
        "Postcode": 2020
    },
    {
        "Suburb": "MATRAVILLE",
        "Run": 66,
        "Zone": 3,
        "Postcode": 2036
    },
    {
        "Suburb": "MAYS HILL",
        "Run": 93,
        "Zone": 4,
        "Postcode": 2145
    },
    {
        "Suburb": "MCGRATHS HILL",
        "Run": 8,
        "Zone": 5,
        "Postcode": 2756
    },
    {
        "Suburb": "MCMAHONS POINT",
        "Run": 81,
        "Zone": 1,
        "Postcode": 2060
    },
    {
        "Suburb": "MEADOWBANK",
        "Run": 184,
        "Zone": 2,
        "Postcode": 2114
    },
    {
        "Suburb": "MEDLOW BATH",
        "Run": 228,
        "Zone": 5,
        "Postcode": 2780
    },
    {
        "Suburb": "MELONBA",
        "Run": 861,
        "Zone": 5,
        "Postcode": 2765
    },
    {
        "Suburb": "MELROSE PARK",
        "Run": 13,
        "Zone": 2,
        "Postcode": 2114
    },
    {
        "Suburb": "MENAI",
        "Run": 138,
        "Zone": 7,
        "Postcode": 2234
    },
    {
        "Suburb": "MERRYLANDS",
        "Run": 283,
        "Zone": 4,
        "Postcode": 2160
    },
    {
        "Suburb": "MERRYLANDS WEST",
        "Run": 282,
        "Zone": 4,
        "Postcode": 2160
    },
    {
        "Suburb": "MIDDLE COVE",
        "Run": 80,
        "Zone": 1,
        "Postcode": 2068
    },
    {
        "Suburb": "MIDDLETON GRANGE",
        "Run": 291,
        "Zone": 7,
        "Postcode": 2171
    },
    {
        "Suburb": "MILLER",
        "Run": 377,
        "Zone": 4,
        "Postcode": 2168
    },
    {
        "Suburb": "MILLERS POINT",
        "Run": 57,
        "Zone": 2,
        "Postcode": 2000
    },
    {
        "Suburb": "MILPERRA",
        "Run": 39,
        "Zone": 6,
        "Postcode": 2214
    },
    {
        "Suburb": "MILSONS POINT",
        "Run": 81,
        "Zone": 1,
        "Postcode": 2061
    },
    {
        "Suburb": "MINCHINBURY",
        "Run": 353,
        "Zone": 7,
        "Postcode": 2770
    },
    {
        "Suburb": "MINTO",
        "Run": 30,
        "Zone": 7,
        "Postcode": 2566
    },
    {
        "Suburb": "MIRANDA",
        "Run": 122,
        "Zone": 7,
        "Postcode": 2228
    },
    {
        "Suburb": "MONA VALE",
        "Run": 96,
        "Zone": 1,
        "Postcode": 2103
    },
    {
        "Suburb": "MONTEREY",
        "Run": 103,
        "Zone": 6,
        "Postcode": 2217
    },
    {
        "Suburb": "MOORE PARK",
        "Run": 64,
        "Zone": 3,
        "Postcode": 2021
    },
    {
        "Suburb": "MOOREBANK",
        "Run": 27,
        "Zone": 7,
        "Postcode": 2170
    },
    {
        "Suburb": "MORTDALE",
        "Run": 42,
        "Zone": 6,
        "Postcode": 2223
    },
    {
        "Suburb": "MORTLAKE",
        "Run": 50,
        "Zone": 4,
        "Postcode": 2137
    },
    {
        "Suburb": "MOSMAN",
        "Run": 76,
        "Zone": 1,
        "Postcode": 2088
    },
    {
        "Suburb": "MOUNT ANNAN",
        "Run": 312,
        "Zone": 7,
        "Postcode": 2567
    },
    {
        "Suburb": "MOUNT COLAH",
        "Run": 190,
        "Zone": 2,
        "Postcode": 2079
    },
    {
        "Suburb": "MOUNT DRUITT",
        "Run": 355,
        "Zone": 5,
        "Postcode": 2770
    },
    {
        "Suburb": "MOUNT KURING-GAI",
        "Run": 187,
        "Zone": 2,
        "Postcode": 2080
    },
    {
        "Suburb": "MOUNT LEWIS",
        "Run": 40,
        "Zone": 6,
        "Postcode": 2190
    },
    {
        "Suburb": "MOUNT PRITCHARD",
        "Run": 362,
        "Zone": 4,
        "Postcode": 2170
    },
    {
        "Suburb": "MOUNT RIVERVIEW",
        "Run": 109,
        "Zone": 5,
        "Postcode": 2774
    },
    {
        "Suburb": "MT ANNAN",
        "Run": 312,
        "Zone": 7,
        "Postcode": 2567
    },
    {
        "Suburb": "MT COLAH",
        "Run": 190,
        "Zone": 2,
        "Postcode": 2079
    },
    {
        "Suburb": "MT DRUITT",
        "Run": 355,
        "Zone": 5,
        "Postcode": 2770
    },
    {
        "Suburb": "MT KURING-GAI",
        "Run": 187,
        "Zone": 2,
        "Postcode": 2080
    },
    {
        "Suburb": "MT LEWIS",
        "Run": 40,
        "Zone": 6,
        "Postcode": 2190
    },
    {
        "Suburb": "MT PRITCHARD",
        "Run": 362,
        "Zone": 4,
        "Postcode": 2170
    },
    {
        "Suburb": "MT RIVERVIEW",
        "Run": 109,
        "Zone": 5,
        "Postcode": 2774
    },
    {
        "Suburb": "MULGRAVE",
        "Run": 8,
        "Zone": 5,
        "Postcode": 2756
    },
    {
        "Suburb": "NARELLAN",
        "Run": 313,
        "Zone": 7,
        "Postcode": 2567
    },
    {
        "Suburb": "NARELLAN VALE",
        "Run": 312,
        "Zone": 7,
        "Postcode": 2567
    },
    {
        "Suburb": "NAREMBURN",
        "Run": 186,
        "Zone": 1,
        "Postcode": 2065
    },
    {
        "Suburb": "NARRABEEN",
        "Run": 179,
        "Zone": 1,
        "Postcode": 2101
    },
    {
        "Suburb": "NARRAWEENA",
        "Run": 97,
        "Zone": 1,
        "Postcode": 2099
    },
    {
        "Suburb": "NARWEE",
        "Run": 43,
        "Zone": 6,
        "Postcode": 2209
    },
    {
        "Suburb": "NEUTRAL BAY",
        "Run": 176,
        "Zone": 1,
        "Postcode": 2089
    },
    {
        "Suburb": "NEWINGTON",
        "Run": 18,
        "Zone": 6,
        "Postcode": 2127
    },
    {
        "Suburb": "NEWPORT",
        "Run": 173,
        "Zone": 1,
        "Postcode": 2106
    },
    {
        "Suburb": "NEWTOWN",
        "Run": 59,
        "Zone": 3,
        "Postcode": 2042
    },
    {
        "Suburb": "NIRIMBA FIELDS",
        "Run": 196,
        "Zone": 5,
        "Postcode": 2763
    },
    {
        "Suburb": "NORMANHURST",
        "Run": 348,
        "Zone": 2,
        "Postcode": 2076
    },
    {
        "Suburb": "NORTH BALGOWLAH",
        "Run": 177,
        "Zone": 1,
        "Postcode": 2093
    },
    {
        "Suburb": "NORTH BONDI",
        "Run": 340,
        "Zone": 3,
        "Postcode": 2026
    },
    {
        "Suburb": "NORTH CURL CURL",
        "Run": 172,
        "Zone": 1,
        "Postcode": 2099
    },
    {
        "Suburb": "NORTH EPPING",
        "Run": 123,
        "Zone": 2,
        "Postcode": 2121
    },
    {
        "Suburb": "NORTH KELLYVILLE",
        "Run": 192,
        "Zone": 4,
        "Postcode": 2155
    },
    {
        "Suburb": "NORTH MANLY",
        "Run": 71,
        "Zone": 1,
        "Postcode": 2100
    },
    {
        "Suburb": "NORTH NARRABEEN",
        "Run": 197,
        "Zone": 1,
        "Postcode": 2101
    },
    {
        "Suburb": "NORTH PARRAMATTA",
        "Run": 17,
        "Zone": 5,
        "Postcode": 2151
    },
    {
        "Suburb": "NORTH RICHMOND",
        "Run": 7,
        "Zone": 5,
        "Postcode": 2754
    },
    {
        "Suburb": "NORTH ROCKS",
        "Run": 12,
        "Zone": 5,
        "Postcode": 2151
    },
    {
        "Suburb": "NORTH RYDE",
        "Run": 85,
        "Zone": 2,
        "Postcode": 2113
    },
    {
        "Suburb": "NORTH ST MARYS",
        "Run": 3,
        "Zone": 5,
        "Postcode": 2760
    },
    {
        "Suburb": "NORTH STRATHFIELD",
        "Run": 50,
        "Zone": 4,
        "Postcode": 2137
    },
    {
        "Suburb": "NORTH SYDNEY",
        "Run": 121,
        "Zone": 1,
        "Postcode": 2060
    },
    {
        "Suburb": "NORTH TURRAMURRA",
        "Run": 129,
        "Zone": 2,
        "Postcode": 2074
    },
    {
        "Suburb": "NORTHBRIDGE",
        "Run": 78,
        "Zone": 1,
        "Postcode": 2063
    },
    {
        "Suburb": "NORTHMEAD",
        "Run": 12,
        "Zone": 5,
        "Postcode": 2152
    },
    {
        "Suburb": "NORTHWOOD",
        "Run": 182,
        "Zone": 1,
        "Postcode": 2066
    },
    {
        "Suburb": "NORWEST",
        "Run": 11,
        "Zone": 5,
        "Postcode": 2153
    },
    {
        "Suburb": "OAKHURST",
        "Run": 126,
        "Zone": 5,
        "Postcode": 2761
    },
    {
        "Suburb": "OATLANDS",
        "Run": 17,
        "Zone": 5,
        "Postcode": 2117
    },
    {
        "Suburb": "OATLEY",
        "Run": 142,
        "Zone": 6,
        "Postcode": 2223
    },
    {
        "Suburb": "OLD GUILDFORD",
        "Run": 24,
        "Zone": 4,
        "Postcode": 2161
    },
    {
        "Suburb": "OLD TOONGABBIE",
        "Run": 141,
        "Zone": 4,
        "Postcode": 2146
    },
    {
        "Suburb": "ORAN PARK",
        "Run": 314,
        "Zone": 7,
        "Postcode": 2570
    },
    {
        "Suburb": "OXFORD FALLS",
        "Run": 97,
        "Zone": 1,
        "Postcode": 2100
    },
    {
        "Suburb": "OXLEY PARK",
        "Run": 3,
        "Zone": 5,
        "Postcode": 2760
    },
    {
        "Suburb": "OYSTER BAY",
        "Run": 37,
        "Zone": 7,
        "Postcode": 2225
    },
    {
        "Suburb": "PADDINGTON",
        "Run": 134,
        "Zone": 3,
        "Postcode": 2021
    },
    {
        "Suburb": "PADSTOW",
        "Run": 139,
        "Zone": 6,
        "Postcode": 2211
    },
    {
        "Suburb": "PADSTOW HEIGHTS",
        "Run": 139,
        "Zone": 6,
        "Postcode": 2211
    },
    {
        "Suburb": "PAGEWOOD",
        "Run": 167,
        "Zone": 3,
        "Postcode": 2035
    },
    {
        "Suburb": "PALM BEACH",
        "Run": 73,
        "Zone": 1,
        "Postcode": 2108
    },
    {
        "Suburb": "PANANIA",
        "Run": 149,
        "Zone": 6,
        "Postcode": 2213
    },
    {
        "Suburb": "PARKLEA",
        "Run": 136,
        "Zone": 5,
        "Postcode": 2768
    },
    {
        "Suburb": "PARRAMATTA",
        "Run": 93,
        "Zone": 4,
        "Postcode": 2150
    },
    {
        "Suburb": "PEAKHURST",
        "Run": 42,
        "Zone": 6,
        "Postcode": 2210
    },
    {
        "Suburb": "PEAKHURST HEIGHTS",
        "Run": 42,
        "Zone": 6,
        "Postcode": 2210
    },
    {
        "Suburb": "PEMULWUY",
        "Run": 282,
        "Zone": 4,
        "Postcode": 2145
    },
    {
        "Suburb": "PENDLE HILL",
        "Run": 141,
        "Zone": 4,
        "Postcode": 2145
    },
    {
        "Suburb": "PENNANT HILLS",
        "Run": 339,
        "Zone": 2,
        "Postcode": 2120
    },
    {
        "Suburb": "PENRITH",
        "Run": 116,
        "Zone": 5,
        "Postcode": 2750
    },
    {
        "Suburb": "PENSHURST",
        "Run": 142,
        "Zone": 6,
        "Postcode": 2222
    },
    {
        "Suburb": "PETERSHAM",
        "Run": 155,
        "Zone": 3,
        "Postcode": 2049
    },
    {
        "Suburb": "PHILLIP BAY",
        "Run": 346,
        "Zone": 3,
        "Postcode": 2036
    },
    {
        "Suburb": "PICNIC POINT",
        "Run": 149,
        "Zone": 6,
        "Postcode": 2213
    },
    {
        "Suburb": "PLEASURE POINT",
        "Run": 271,
        "Zone": 7,
        "Postcode": 2172
    },
    {
        "Suburb": "PLUMPTON",
        "Run": 126,
        "Zone": 5,
        "Postcode": 2761
    },
    {
        "Suburb": "POINT PIPER",
        "Run": 61,
        "Zone": 3,
        "Postcode": 2027
    },
    {
        "Suburb": "PORT BOTANY",
        "Run": 66,
        "Zone": 3,
        "Postcode": 2036
    },
    {
        "Suburb": "PORT HACKING",
        "Run": 36,
        "Zone": 7,
        "Postcode": 2229
    },
    {
        "Suburb": "POTTS HILL",
        "Run": 491,
        "Zone": 6,
        "Postcode": 2143
    },
    {
        "Suburb": "POTTS POINT",
        "Run": 631,
        "Zone": 3,
        "Postcode": 2011
    },
    {
        "Suburb": "POW HOSPITAL",
        "Run": 343,
        "Zone": 3,
        "Postcode": 2031
    },
    {
        "Suburb": "PRAIRIEWOOD",
        "Run": 105,
        "Zone": 4,
        "Postcode": 2176
    },
    {
        "Suburb": "PRESTONS",
        "Run": 29,
        "Zone": 7,
        "Postcode": 2170
    },
    {
        "Suburb": "PROSPECT",
        "Run": 10,
        "Zone": 4,
        "Postcode": 2148
    },
    {
        "Suburb": "PUNCHBOWL",
        "Run": 49,
        "Zone": 6,
        "Postcode": 2196
    },
    {
        "Suburb": "PUTNEY",
        "Run": 184,
        "Zone": 2,
        "Postcode": 2112
    },
    {
        "Suburb": "PYMBLE",
        "Run": 108,
        "Zone": 2,
        "Postcode": 2073
    },
    {
        "Suburb": "PYRMONT",
        "Run": 56,
        "Zone": 2,
        "Postcode": 2009
    },
    {
        "Suburb": "QUAKERS HILL",
        "Run": 196,
        "Zone": 5,
        "Postcode": 2763
    },
    {
        "Suburb": "QUEENS PARK",
        "Run": 150,
        "Zone": 3,
        "Postcode": 2022
    },
    {
        "Suburb": "QUEENSCLIFF",
        "Run": 172,
        "Zone": 1,
        "Postcode": 2096
    },
    {
        "Suburb": "RABY",
        "Run": 30,
        "Zone": 7,
        "Postcode": 2566
    },
    {
        "Suburb": "RAMSGATE",
        "Run": 103,
        "Zone": 6,
        "Postcode": 2217
    },
    {
        "Suburb": "RAMSGATE BEACH",
        "Run": 103,
        "Zone": 6,
        "Postcode": 2217,
        "Column11": " "
    },
    {
        "Suburb": "RANDWICK",
        "Run": 343,
        "Zone": 3,
        "Postcode": 2031
    },
    {
        "Suburb": "REDFERN",
        "Run": 159,
        "Zone": 3,
        "Postcode": 2016
    },
    {
        "Suburb": "REGENTS PARK",
        "Run": 23,
        "Zone": 6,
        "Postcode": 2143
    },
    {
        "Suburb": "REGENTVILLE",
        "Run": 191,
        "Zone": 5,
        "Postcode": 2745
    },
    {
        "Suburb": "REVESBY",
        "Run": 369,
        "Zone": 6,
        "Postcode": 2212
    },
    {
        "Suburb": "REVESBY HEIGHTS",
        "Run": 369,
        "Zone": 6,
        "Postcode": 2212
    },
    {
        "Suburb": "RHODES",
        "Run": 50,
        "Zone": 4,
        "Postcode": 2138
    },
    {
        "Suburb": "RICHARDS",
        "Run": 86,
        "Zone": 5,
        "Postcode": 2765
    },
    {
        "Suburb": "RICHMOND",
        "Run": 7,
        "Zone": 5,
        "Postcode": 2753
    },
    {
        "Suburb": "RIVERSTONE",
        "Run": 86,
        "Zone": 5,
        "Postcode": 2765
    },
    {
        "Suburb": "RIVERVIEW",
        "Run": 182,
        "Zone": 1,
        "Postcode": 2066
    },
    {
        "Suburb": "RIVERWOOD",
        "Run": 43,
        "Zone": 6,
        "Postcode": 2210
    },
    {
        "Suburb": "ROCKDALE",
        "Run": 147,
        "Zone": 6,
        "Postcode": 2216
    },
    {
        "Suburb": "RODD POINT",
        "Run": 349,
        "Zone": 4,
        "Postcode": 2046
    },
    {
        "Suburb": "ROOTY HILL",
        "Run": 126,
        "Zone": 5,
        "Postcode": 2766
    },
    {
        "Suburb": "ROPES CROSSING",
        "Run": 198,
        "Zone": 5,
        "Postcode": 2760
    },
    {
        "Suburb": "ROSE BAY",
        "Run": 61,
        "Zone": 3,
        "Postcode": 2029
    },
    {
        "Suburb": "ROSEBERY",
        "Run": 111,
        "Zone": 3,
        "Postcode": 2018
    },
    {
        "Suburb": "ROSEHILL",
        "Run": 14,
        "Zone": 5,
        "Postcode": 2142
    },
    {
        "Suburb": "ROSELANDS",
        "Run": 47,
        "Zone": 6,
        "Postcode": 2196
    },
    {
        "Suburb": "ROSEMEADOW",
        "Run": 114,
        "Zone": 7,
        "Postcode": 2560
    },
    {
        "Suburb": "ROSEVILLE",
        "Run": 180,
        "Zone": 1,
        "Postcode": 2069
    },
    {
        "Suburb": "ROUND CORNER",
        "Run": 16,
        "Zone": 5,
        "Postcode": 2158
    },
    {
        "Suburb": "ROUSE HILL",
        "Run": 6,
        "Zone": 4,
        "Postcode": 2155
    },
    {
        "Suburb": "ROYAL NORTH SHORE HOSPITAL",
        "Run": 77,
        "Zone": 1,
        "Postcode": 2065
    },
    {
        "Suburb": "ROZELLE",
        "Run": 94,
        "Zone": 2,
        "Postcode": 2039
    },
    {
        "Suburb": "RPA HOSPITAL",
        "Run": 591,
        "Zone": 3,
        "Postcode": 2050
    },
    {
        "Suburb": "RUSE",
        "Run": 114,
        "Zone": 7,
        "Postcode": 2560
    },
    {
        "Suburb": "RUSHCUTTERS BAY",
        "Run": 164,
        "Zone": 3,
        "Postcode": 2011
    },
    {
        "Suburb": "RUSSELL LEA",
        "Run": 52,
        "Zone": 4,
        "Postcode": 2046
    },
    {
        "Suburb": "RYDALMERE",
        "Run": 15,
        "Zone": 2,
        "Postcode": 2116
    },
    {
        "Suburb": "RYDE",
        "Run": 185,
        "Zone": 2,
        "Postcode": 2112
    },
    {
        "Suburb": "SADLEIR",
        "Run": 377,
        "Zone": 4,
        "Postcode": 2168
    },
    {
        "Suburb": "SANDRINGHAM",
        "Run": 103,
        "Zone": 6,
        "Postcode": 2219
    },
    {
        "Suburb": "SANDY POINT",
        "Run": 271,
        "Zone": 7,
        "Postcode": 2172
    },
    {
        "Suburb": "SANS SOUCI",
        "Run": 103,
        "Zone": 6,
        "Postcode": 2219
    },
    {
        "Suburb": "SCHOFIELDS",
        "Run": 861,
        "Zone": 5,
        "Postcode": 2762
    },
    {
        "Suburb": "SEAFORTH",
        "Run": 177,
        "Zone": 1,
        "Postcode": 2092
    },
    {
        "Suburb": "SEFTON",
        "Run": 21,
        "Zone": 6,
        "Postcode": 2162
    },
    {
        "Suburb": "SEVEN HILLS",
        "Run": 356,
        "Zone": 5,
        "Postcode": 2147
    },
    {
        "Suburb": "SHALVEY",
        "Run": 126,
        "Zone": 5,
        "Postcode": 2770
    },
    {
        "Suburb": "SHANES PARK",
        "Run": 152,
        "Zone": 5,
        "Postcode": 2747
    },
    {
        "Suburb": "SILVERWATER",
        "Run": 118,
        "Zone": 6,
        "Postcode": 2128
    },
    {
        "Suburb": "SMEATON GRANGE",
        "Run": 31,
        "Zone": 7,
        "Postcode": 2567
    },
    {
        "Suburb": "SMITHFIELD",
        "Run": 25,
        "Zone": 4,
        "Postcode": 2164
    },
    {
        "Suburb": "SOUTH COOGEE",
        "Run": 69,
        "Zone": 3,
        "Postcode": 2034
    },
    {
        "Suburb": "SOUTH GRANVILLE",
        "Run": 120,
        "Zone": 4,
        "Postcode": 2142
    },
    {
        "Suburb": "SOUTH HURSTVILLE",
        "Run": 156,
        "Zone": 6,
        "Postcode": 2221
    },
    {
        "Suburb": "SOUTH PENRITH",
        "Run": 2,
        "Zone": 5,
        "Postcode": 2750
    },
    {
        "Suburb": "SOUTH TURRAMURRA",
        "Run": 129,
        "Zone": 2,
        "Postcode": 2074
    },
    {
        "Suburb": "SOUTH WENTWORTHVILLE",
        "Run": 282,
        "Zone": 4,
        "Postcode": 2145
    },
    {
        "Suburb": "SOUTH WINDSOR",
        "Run": 8,
        "Zone": 5,
        "Postcode": 2756
    },
    {
        "Suburb": "SPIT JUNCTION",
        "Run": 76,
        "Zone": 1,
        "Postcode": 2088
    },
    {
        "Suburb": "SPRING FARM",
        "Run": 312,
        "Zone": 7,
        "Postcode": 2570
    },
    {
        "Suburb": "SPRINGWOOD",
        "Run": 101,
        "Zone": 5,
        "Postcode": 2777
    },
    {
        "Suburb": "ST ANDREWS",
        "Run": 30,
        "Zone": 7,
        "Postcode": 2566
    },
    {
        "Suburb": "ST CLAIR",
        "Run": 354,
        "Zone": 5,
        "Postcode": 2759
    },
    {
        "Suburb": "ST HELENS PARK",
        "Run": 114,
        "Zone": 7,
        "Postcode": 2560
    },
    {
        "Suburb": "ST IVES",
        "Run": 110,
        "Zone": 2,
        "Postcode": 2075
    },
    {
        "Suburb": "ST IVES CHASE",
        "Run": 110,
        "Zone": 2,
        "Postcode": 2075
    },
    {
        "Suburb": "ST JOHNS PARK",
        "Run": 194,
        "Zone": 4,
        "Postcode": 2176
    },
    {
        "Suburb": "ST LEONARDS",
        "Run": 77,
        "Zone": 1,
        "Postcode": 2065
    },
    {
        "Suburb": "ST MARYS",
        "Run": 3,
        "Zone": 5,
        "Postcode": 2760
    },
    {
        "Suburb": "ST PETERS",
        "Run": 115,
        "Zone": 3,
        "Postcode": 2044
    },
    {
        "Suburb": "STANHOPE GARDENS",
        "Run": 602,
        "Zone": 4,
        "Postcode": 2768
    },
    {
        "Suburb": "STANMORE",
        "Run": 127,
        "Zone": 3,
        "Postcode": 2048
    },
    {
        "Suburb": "STRATHFIELD",
        "Run": 48,
        "Zone": 4,
        "Postcode": 2135
    },
    {
        "Suburb": "STRATHFIELD SOUTH",
        "Run": 46,
        "Zone": 6,
        "Postcode": 2136
    },
    {
        "Suburb": "SUMMER HILL",
        "Run": 55,
        "Zone": 3,
        "Postcode": 2130
    },
    {
        "Suburb": "SUN VALLEY",
        "Run": 109,
        "Zone": 5,
        "Postcode": 2777
    },
    {
        "Suburb": "SURRY HILLS",
        "Run": 62,
        "Zone": 3,
        "Postcode": 2010
    },
    {
        "Suburb": "SUTHERLAND",
        "Run": 381,
        "Zone": 7,
        "Postcode": 2232
    },
    {
        "Suburb": "SYDENHAM",
        "Run": 115,
        "Zone": 3,
        "Postcode": 2044
    },
    {
        "Suburb": "SYDNEY",
        "Run": 90,
        "Zone": 2,
        "Postcode": 2000
    },
    {
        "Suburb": "SYDNEY OLYMPIC PARK",
        "Run": 19,
        "Zone": 6,
        "Postcode": 2127
    },
    {
        "Suburb": "SYDNEY UNI",
        "Run": 591,
        "Zone": 3,
        "Postcode": 2050
    },
    {
        "Suburb": "SYLVANIA",
        "Run": 122,
        "Zone": 7,
        "Postcode": 2224
    },
    {
        "Suburb": "SYLVANIA WATERS",
        "Run": 122,
        "Zone": 7,
        "Postcode": 2224
    },
    {
        "Suburb": "TALLAWONG",
        "Run": "861",
        "Zone": "5",
        "Postcode": "2762"
    },
    {
        "Suburb": "TAMARAMA",
        "Run": 161,
        "Zone": 3,
        "Postcode": 2026
    },
    {
        "Suburb": "TAREN POINT",
        "Run": 35,
        "Zone": 7,
        "Postcode": 2229
    },
    {
        "Suburb": "TELOPEA",
        "Run": 338,
        "Zone": 2,
        "Postcode": 2117
    },
    {
        "Suburb": "TEMPE",
        "Run": 147,
        "Zone": 6,
        "Postcode": 2044
    },
    {
        "Suburb": "TENNYSON POINT",
        "Run": 125,
        "Zone": 2,
        "Postcode": 2111
    },
    {
        "Suburb": "TERREY HILLS",
        "Run": 96,
        "Zone": 1,
        "Postcode": 2084
    },
    {
        "Suburb": "THE PONDS",
        "Run": 602,
        "Zone": 4,
        "Postcode": 2769
    },
    {
        "Suburb": "THE ROCKS",
        "Run": 57,
        "Zone": 2,
        "Postcode": 2000
    },
    {
        "Suburb": "THORNLEIGH",
        "Run": 87,
        "Zone": 2,
        "Postcode": 2120
    },
    {
        "Suburb": "TOONGABBIE",
        "Run": 141,
        "Zone": 4,
        "Postcode": 2146
    },
    {
        "Suburb": "TOP RYDE",
        "Run": 185,
        "Zone": 2,
        "Postcode": 2112
    },
    {
        "Suburb": "TARONGA ZOO",
        "Run": 76,
        "Zone": 1,
        "Postcode": 2088
    },
    {
        "Suburb": "TREGEAR",
        "Run": 355,
        "Zone": 5,
        "Postcode": 2770
    },
    {
        "Suburb": "TURRAMURRA",
        "Run": 129,
        "Zone": 2,
        "Postcode": 2074
    },
    {
        "Suburb": "TURRELLA",
        "Run": 347,
        "Zone": 6,
        "Postcode": 2205
    },
    {
        "Suburb": "ULTIMO",
        "Run": 53,
        "Zone": 2,
        "Postcode": 2007
    },
    {
        "Suburb": "UNDERCLIFFE",
        "Run": 154,
        "Zone": 6,
        "Postcode": 2206
    },
    {
        "Suburb": "UNI OF NSW",
        "Run": 169,
        "Zone": 3,
        "Postcode": 2052
    },
    {
        "Suburb": "UTS",
        "Run": 56,
        "Zone": 2,
        "Postcode": 2007
    },
    {
        "Suburb": "VALLEY HEIGHTS",
        "Run": 109,
        "Zone": 5,
        "Postcode": 2777
    },
    {
        "Suburb": "VAUCLUSE",
        "Run": 340,
        "Zone": 3,
        "Postcode": 2030
    },
    {
        "Suburb": "VILLAWOOD",
        "Run": 133,
        "Zone": 4,
        "Postcode": 2163
    },
    {
        "Suburb": "VINEYARD",
        "Run": 8,
        "Zone": 5,
        "Postcode": 2765
    },
    {
        "Suburb": "VOYAGER POINT",
        "Run": 271,
        "Zone": 7,
        "Postcode": 2172
    },
    {
        "Suburb": "WAHROONGA",
        "Run": 348,
        "Zone": 2,
        "Postcode": 2076
    },
    {
        "Suburb": "WAITARA",
        "Run": 188,
        "Zone": 2,
        "Postcode": 2077
    },
    {
        "Suburb": "WAKELEY",
        "Run": 195,
        "Zone": 4,
        "Postcode": 2176
    },
    {
        "Suburb": "WAREEMBA",
        "Run": 52,
        "Zone": 4,
        "Postcode": 2046
    },
    {
        "Suburb": "WARRAWEE",
        "Run": 348,
        "Zone": 2,
        "Postcode": 2074
    },
    {
        "Suburb": "WARRIEWOOD",
        "Run": 96,
        "Zone": 1,
        "Postcode": 2102
    },
    {
        "Suburb": "WARRIMOO",
        "Run": 109,
        "Zone": 5,
        "Postcode": 2774
    },
    {
        "Suburb": "WARRINGAH MALL",
        "Run": 74,
        "Zone": 1,
        "Postcode": 2100
    },
    {
        "Suburb": "WARWICK FARM",
        "Run": 119,
        "Zone": 7,
        "Postcode": 2170
    },
    {
        "Suburb": "WATERLOO",
        "Run": 65,
        "Zone": 3,
        "Postcode": 2017
    },
    {
        "Suburb": "WATSONS BAY",
        "Run": 340,
        "Zone": 3,
        "Postcode": 2030
    },
    {
        "Suburb": "WATTLE GROVE",
        "Run": 271,
        "Zone": 7,
        "Postcode": 2173
    },
    {
        "Suburb": "WAVERLEY",
        "Run": 150,
        "Zone": 3,
        "Postcode": 2024
    },
    {
        "Suburb": "WAVERTON",
        "Run": 81,
        "Zone": 1,
        "Postcode": 2060
    },
    {
        "Suburb": "WENTWORTH FALLS",
        "Run": 358,
        "Zone": 5,
        "Postcode": 2782
    },
    {
        "Suburb": "WENTWORTH POINT",
        "Run": 19,
        "Zone": 6,
        "Postcode": 2127
    },
    {
        "Suburb": "WENTWORTHVILLE",
        "Run": 141,
        "Zone": 4,
        "Postcode": 2145
    },
    {
        "Suburb": "WERRINGTON",
        "Run": 98,
        "Zone": 5,
        "Postcode": 2747
    },
    {
        "Suburb": "WERRINGTON COUNTY",
        "Run": 198,
        "Zone": 5,
        "Postcode": 2747
    },
    {
        "Suburb": "WERRINGTON DOWNS",
        "Run": 198,
        "Zone": 5,
        "Postcode": 2747
    },
    {
        "Suburb": "WEST HOXTON",
        "Run": 291,
        "Zone": 7,
        "Postcode": 2171
    },
    {
        "Suburb": "WEST PENNANT HILLS",
        "Run": 124,
        "Zone": 2,
        "Postcode": 2125
    },
    {
        "Suburb": "WEST PYMBLE",
        "Run": 110,
        "Zone": 2,
        "Postcode": 2073
    },
    {
        "Suburb": "WEST RYDE",
        "Run": 13,
        "Zone": 2,
        "Postcode": 2114
    },
    {
        "Suburb": "WESTLEIGH",
        "Run": 339,
        "Zone": 2,
        "Postcode": 2120
    },
    {
        "Suburb": "WESTMEAD",
        "Run": 93,
        "Zone": 4,
        "Postcode": 2145
    },
    {
        "Suburb": "WESTPOINT S\/CTR",
        "Run": 357,
        "Zone": 5,
        "Postcode": 2148
    },
    {
        "Suburb": "WETHERILL PARK",
        "Run": 26,
        "Zone": 4,
        "Postcode": 2164
    },
    {
        "Suburb": "WHALAN",
        "Run": 355,
        "Zone": 5,
        "Postcode": 2770
    },
    {
        "Suburb": "WHALE BEACH",
        "Run": 73,
        "Zone": 1,
        "Postcode": 2107
    },
    {
        "Suburb": "WHEELER HEIGHTS",
        "Run": 179,
        "Zone": 1,
        "Postcode": 2097
    },
    {
        "Suburb": "WHITE BAY",
        "Run": 94,
        "Zone": 2,
        "Postcode": 2039
    },
    {
        "Suburb": "WILEY PARK",
        "Run": 49,
        "Zone": 6,
        "Postcode": 2195
    },
    {
        "Suburb": "WILLMOT",
        "Run": 198,
        "Zone": 5,
        "Postcode": 2770
    },
    {
        "Suburb": "WILLOUGHBY",
        "Run": 78,
        "Zone": 1,
        "Postcode": 2068
    },
    {
        "Suburb": "WINDSOR",
        "Run": 8,
        "Zone": 5,
        "Postcode": 2756
    },
    {
        "Suburb": "WINDSOR DOWNS",
        "Run": 152,
        "Zone": 5,
        "Postcode": 2756
    },
    {
        "Suburb": "WINSTON HILLS",
        "Run": 141,
        "Zone": 4,
        "Postcode": 2153
    },
    {
        "Suburb": "WOLLI CREEK",
        "Run": 347,
        "Zone": 6,
        "Postcode": 2205
    },
    {
        "Suburb": "WOLLSTONECRAFT",
        "Run": 81,
        "Zone": 1,
        "Postcode": 2065
    },
    {
        "Suburb": "WOODBINE",
        "Run": 33,
        "Zone": 7,
        "Postcode": 2560
    },
    {
        "Suburb": "WOODCROFT",
        "Run": 135,
        "Zone": 5,
        "Postcode": 2767
    },
    {
        "Suburb": "WOODFORD",
        "Run": 101,
        "Zone": 5,
        "Postcode": 2778
    },
    {
        "Suburb": "WOODPARK",
        "Run": 28,
        "Zone": 4,
        "Postcode": 2164
    },
    {
        "Suburb": "WOOLLAHRA",
        "Run": 164,
        "Zone": 3,
        "Postcode": 2025
    },
    {
        "Suburb": "WOOLLOOMOOLOO",
        "Run": 631,
        "Zone": 3,
        "Postcode": 2011
    },
    {
        "Suburb": "WOOLOOWARE",
        "Run": 351,
        "Zone": 7,
        "Postcode": 2230
    },
    {
        "Suburb": "WOOLWICH",
        "Run": 125,
        "Zone": 2,
        "Postcode": 2110
    },
    {
        "Suburb": "WORONORA",
        "Run": 371,
        "Zone": 7,
        "Postcode": 2232
    },
    {
        "Suburb": "WORONORA HEIGHTS",
        "Run": 144,
        "Zone": 7,
        "Postcode": 2233
    },
    {
        "Suburb": "YAGOONA",
        "Run": 491,
        "Zone": 6,
        "Postcode": 2199
    },
    {
        "Suburb": "YARRAWARRAH",
        "Run": 381,
        "Zone": 7,
        "Postcode": 2233
    },
    {
        "Suburb": "YENNORA",
        "Run": 24,
        "Zone": 4,
        "Postcode": 2161
    },
    {
        "Suburb": "YOWIE BAY",
        "Run": 361,
        "Zone": 7,
        "Postcode": 2228
    },
    {
        "Suburb": "ZETLAND",
        "Run": 65,
        "Zone": 3,
        "Postcode": 2017
    }
]